brand,name,price,n_shades,rating
FENTY BEAUTY by Rihanna,Pro Filt'r Soft Matte Longwear Foundation,C$45.00,49 more colors,4 stars
Estée Lauder,Double Wear Stay-in-Place Foundation,C$56.00,55 more colors,4.5 stars
MAKE UP FOR EVER,Ultra HD Invisible Cover Foundation,C$55.00,39 more colors,4 stars
MAKE UP FOR EVER,Matte Velvet Skin Blurring Powder Foundation,C$50.00,29 more colors,4.5 stars
Giorgio Armani Beauty,Luminous Silk Foundation,C$55.00 - C$80.00,41 more colors,4.5 stars
Anastasia Beverly Hills,Stick Foundation,C$33.00,29 more colors,3.5 stars
Lancôme,Teint Idole Ultra Long Wear Foundation,C$62.00,44 more colors,4.5 stars
Too Faced,Born This Way Foundation,C$51.00,34 more colors,4 stars
Kat Von D,Lock-It Foundation,C$24.00 - C$48.00,70 more colors,4 stars
HUDA BEAUTY,#FauxFilter Foundation,C$54.00,29 more colors,3.5 stars
Dior,Dior Airflash Spray Foundation,C$82.00,17 more colors,4.5 stars
NARS,Natural Radiant Longwear Foundation,C$60.00,29 more colors,3.5 stars
Dior,BACKSTAGE Face & Body Foundation,C$53.00,39 more colors,4.5 stars
NARS,Sheer Glow Foundation,C$59.00,39 more colors,4 stars
Bobbi Brown,Skin Long-Wear Weightless Foundation SPF 15,C$62.00,29 more colors,4 stars
bareMinerals,BAREPRO Performance Wear Powder Foundation,C$37.00 - C$38.00,25 more colors,4 stars
IT Cosmetics,Your Skin But Better CC+ Cream with SPF 50+,C$20.00 - C$52.00,13 more colors,4 stars
SEPHORA COLLECTION,Matte Perfection Powder Foundation,C$26.50,34 more colors,4 stars
SEPHORA COLLECTION,10 HR Wear Perfection Foundation,C$25.00 - C$26.50,59 more colors,4 stars
Too Faced,Peach Perfect Comfort Matte Foundation – Peaches and Cream Collection,C$48.00,29 more colors,4.5 stars
SEPHORA COLLECTION,Perfection Mist Airbrush Foundation,C$35.00,4 more colors,4.5 stars
Too Faced,Born This Way Multi-Use Complexion Powder,C$49.00,24 more colors,4.5 stars
MAKE UP FOR EVER,Matte Velvet Skin Full Coverage Foundation,C$50.00,39 more colors,3.5 stars
Laura Mercier,Smooth Finish Foundation Powder,C$60.00,13 more colors,4.5 stars
COVER FX,Total Cover Cream Foundation,C$55.00,39 more colors,4 stars
Hourglass,Vanish™ Seamless Finish Foundation Stick,C$61.00,31 more colors,4 stars
COVER FX,Power Play Foundation,C$56.00,39 more colors,4 stars
Kat Von D,Lock-It Powder Foundation,C$48.00,25 more colors,4 stars
Smashbox,Studio Skin 15 Hour Hydrating Foundation,C$48.00,38 more colors,4 stars
IT Cosmetics,CC+ Airbrush Perfecting Powder,C$46.00,6 more colors,3.5 stars
MAKE UP FOR EVER,Ultra HD Invisible Cover Stick Foundation,C$56.00,18 more colors,4 stars
CLINIQUE,Even Better Makeup Broad Spectrum SPF 15,C$39.00,55 more colors,4 stars
Marc Jacobs Beauty,Re(marc)able Full Cover Foundation Concentrate,C$70.00,21 more colors,3.5 stars
Laura Mercier,Flawless Fusion Ultra-Longwear Foundation,C$60.00,29 more colors,4 stars
Lancôme,DUAL FINISH – Multi-tasking Longwear Powder Foundation,C$55.00,8 more colors,4.5 stars
COVER FX,Pressed Mineral Foundation,C$50.00,38 more colors,4 stars
Urban Decay,Naked Skin Weightless Ultra Definition Liquid Foundation,C$50.00 - C$53.00,9 more colors,4 stars
Smashbox,Camera Ready BB Cream SPF 35,C$55.00,7 more colors,4 stars
CLINIQUE,Stay-Matte Sheer Pressed Powder,C$38.00,12 more colors,4.5 stars
Hourglass,Immaculate® Liquid Powder Foundation Mattifying Oil Free,C$74.00,21 more colors,4 stars
NARS,All Day Luminous Weightless Foundation,C$60.00,19 more colors,3.5 stars
SEPHORA COLLECTION,MicroSmooth Baked Foundation Face Powder,C$29.50,7 more colors,4.5 stars
tarte,Amazonian Clay Full Coverage Airbrush Foundation,C$48.00,11 more colors,4 stars
Laura Mercier,Flawless Lumière Radiance-Perfecting Foundation,C$60.00,29 more colors,4.5 stars
Urban Decay,All Nighter Liquid Foundation,C$53.00,22 more colors,3.5 stars
rms beauty,Un Cover-Up Concealer/Foundation,C$45.00 - C$48.00,15 more colors,4 stars
KOSAS,Tinted Face Oil Foundation,C$55.00 - C$56.00,15 more colors,4 stars
Bobbi Brown,Skin Foundation SPF 15,C$66.00,8 more colors,4 stars
La Mer,The Luminous Lifting Cushion Foundation SPF 20 + Refill,C$155.00,11 more colors,4 stars
Charlotte Tilbury,Light Wonder Foundation,C$59.00,9 more colors,4 stars
Yves Saint Laurent,Touche Eclat Le Teint Radiance Awakening Foundation,C$65.00,7 more colors,4 stars
CLINIQUE,Superpowder Double Face Makeup,C$38.00,5 more colors,4.5 stars
bareMinerals,COMPLEXION RESCUE™ Tinted Hydrating Gel Cream,C$39.00,15 more colors,4 stars
ILIA,True Skin Serum Foundation,C$69.00 - C$71.00,16 more colors,4 stars
Bobbi Brown,Skin Foundation Stick,C$62.00,29 more colors,4 stars
beautyblender,Bounce™ Liquid Whip Long Wear Foundation,C$54.00,39 more colors,4 stars
BECCA,Ultimate Coverage 24 Hour Foundation,C$58.00,23 more colors,4 stars
IT Cosmetics,Bye Bye Redness Neutralizing Color-Correcting Cream,C$43.00,2 more colors,4 stars
Bobbi Brown,BB Cream SPF 35,C$62.00,2 more colors,4 stars
Dior,Diorskin Forever Undercover Foundation,C$68.00,23 more colors,4 stars
CLINIQUE,Beyond Perfecting Foundation + Concealer,C$39.00,39 more colors,3.5 stars
COVER FX,Natural Finish Foundation,C$55.00,38 more colors,3.5 stars
MAKE UP FOR EVER,Water Blend Face & Body Foundation,C$57.00,19 more colors,4 stars
CLINIQUE,Acne Solutions Liquid Makeup,C$39.00,4 more colors,4 stars
Smashbox,HALO Hydrating Perfecting Powder,C$65.00,6 more colors,4.5 stars
La Mer,The Soft Fluid Long Wear Foundation SPF 20,C$159.00,18 more colors,4 stars
CLINIQUE,Moisture Surge CC Cream Hydrating Colour Corrector Broad Spectrum SPF 30,C$52.00,2 more colors,4 stars
MAC Cosmetics,Studio Fix Powder Plus Foundation,C$36.00,47 more colors,4.5 stars
Dior,Diorskin Forever Perfect Matte Powder Foundation,C$70.00,7 more colors,4.5 stars
Josie Maran,Vibrancy Argan Oil Foundation Fluid,C$59.00,13 more colors,4 stars
Laura Mercier,Silk Crème Oil Free Photo Edition Foundation,C$60.00,15 more colors,4 stars
Jouer Cosmetics,Essential High Coverage Crème Foundation,C$50.00,49 more colors,3.5 stars
CLINIQUE,Stay-Matte Oil-Free Makeup,C$38.00,19 more colors,4 stars
STELLAR,Limitless Foundation,C$45.00 - C$48.00,34 more colors,4 stars
MILK MAKEUP,Blur Liquid Matte Foundation,C$50.00,23 more colors,4 stars
IT Cosmetics,Your Skin But Better™ CC+™ Oil-Free Matte with SPF 40,C$52.00,11 more colors,4 stars
TOM FORD,Traceless Foundation Stick,C$105.00 - C$117.00,28 more colors,4.5 stars
Bobbi Brown,Skin Weightless Powder Foundation,C$69.00,10 more colors,4 stars
bareMinerals,bareMinerals Original Foundation Broad Spectrum SPF 15,C$38.00,29 more colors,4.5 stars
Giorgio Armani Beauty,My Armani To Go Essence-In-Foundation Cushion,C$90.00,7 more colors,4.5 stars
NARS,Pure Radiant Tinted Moisturizer,C$55.00,10 more colors,4.5 stars
Lancôme,SKIN FEELS GOOD Skin Nourishing Foundation,C$46.00,10 more colors,4.5 stars
Laura Mercier,Tinted Moisturizer,C$29.00 - C$56.00,12 more colors,4.5 stars
Giorgio Armani Beauty,Luminous Silk Powder Foundation,C$82.00,7 more colors,4.5 stars
Benefit Cosmetics,Hello Happy Velvet Power Foundation,C$40.00,11 more colors,3 stars
CLINIQUE,Acne Solutions BB Cream Broad Spectrum SPF 40,C$52.00,2 more colors,4 stars
MAKE UP FOR EVER,Ultra HD Invisible Cover Cream Foundation Palette,C$144.00,,3.5 stars
NUDESTIX,Nudies Tinted Blur Stick,C$37.00,9 more colors,3.5 stars
Wander Beauty,Wanderlust Powder Foundation,C$48.00 - C$53.00,9 more colors,4 stars
Laura Mercier,Silk Crème Moisturizing Photo Edition Foundation,C$60.00,15 more colors,4 stars
MAC Cosmetics,Studio Fix Fluid SPF 15,C$36.00,59 more colors,4 stars
SEPHORA COLLECTION,8 HR Mattifying Compact Foundation,C$25.00,8 more colors,4 stars
IT Cosmetics,Your Skin But Better CC+ Illumination Cream with SPF 50+,C$52.00,11 more colors,4 stars
BECCA,Aqua Luminous Perfecting Foundation,C$58.00,8 more colors,3.5 stars
Hourglass,Vanish™ Seamless Finish Liquid Foundation,C$72.00,31 more colors,3.5 stars
Estée Lauder,Double Wear Maximum Cover Camouflage Foundation For Face and Body SPF 15,C$56.00,,4 stars
tarte,Amazonian Clay 12-Hour Full Coverage Foundation,C$51.00,38 more colors,4 stars
Koh Gen Do,Aqua Foundation,C$91.00,1 more color,4 stars
TOM FORD,Traceless Perfecting Foundation Broad Spectrum SPF 15,C$105.00 - C$117.00,17 more colors,3.5 stars
Yves Saint Laurent,All Hours Stick Foundation,C$68.00,19 more colors,4.5 stars
KEVYN AUCOIN,The Etherealist Foundation,C$70.00 - C$77.00,15 more colors,4 stars
COVER FX,Custom Cover Drops,C$39.00,29 more colors,4 stars
Estée Lauder,Double Wear Nude Water Fresh Foundation SPF 30,C$56.00,8 more colors,4 stars
CLINIQUE,Even Better Refresh™ Hydrating and Repairing Foundation,C$43.00,26 more colors,4 stars
Giorgio Armani Beauty,Power Fabric Foundation,C$78.00,19 more colors,4 stars
tarte,Clay Stick Foundation,C$51.00,11 more colors,3.5 stars
CLINIQUE,Superbalanced Makeup,C$38.00,14 more colors,4 stars
LAWLESS,Woke Up Like This Flawless Finish Foundation,C$60.00,19 more colors,3.5 stars
BECCA,Skin Love Weightless Blur Foundation,C$58.00,23 more colors,4 stars
bareMinerals,bareMinerals Matte Foundation Broad Spectrum SPF 15,C$36.00 - C$38.00,29 more colors,4.5 stars
CLINIQUE,Even Better™ Glow Light Reflecting Makeup Broad Spectrum SPF 15,C$37.00 - C$39.00,29 more colors,4.5 stars
SEPHORA COLLECTION,Make No Mistake Foundation & Concealer Stick,C$26.50,15 more colors,4 stars
Josie Maran,Argan Matchmaker Serum Foundation,C$59.00,2 more colors,4 stars
stila,Stay All Day Foundation + Concealer,C$52.00 - C$53.00,15 more colors,3.5 stars
tarte,Sea Water Foundation,C$51.00,29 more colors,4 stars
Shiseido,Sports BB SPF 50+,C$50.00,2 more colors,4 stars
Wander Beauty,Nude Illusion Liquid Foundation,C$48.00 - C$53.00,11 more colors,4 stars
Laura Mercier,Tinted Moisturizer - Oil Free,C$56.00,12 more colors,4.5 stars
BECCA,Ever-Matte Shine Proof Foundation,C$51.00,18 more colors,4 stars
SEPHORA COLLECTION,Matte Perfection Full Coverage Foundation,C$26.50,21 more colors,4 stars
Estée Lauder,Double Wear Stay-In-Place Foundation Pump,C$14.00,,4 stars
Pretty Vulgar,Cool AF Lava Water Foundation,C$50.00,14 more colors,4 stars
surratt beauty,Surreal Skin Foundation Wand,C$90.00,14 more colors,4 stars
STELLAR,Limitless Foundation Customizable Set,C$55.00,,4 stars
Juice Beauty,STEM CELLULAR™ CC Cream,C$51.00,2 more colors,4 stars
Kat Von D,Lock-It Powder Foundation Refills,C$30.00 - C$31.00,25 more colors,5 stars
Kat Von D,Lock-It Foundation Kit,C$69.00,,3 stars
Yves Saint Laurent,Le Cushion Encre de Peau,C$75.00,10 more colors,5 stars
CLINIQUE,Superbalanced Silk Makeup Broad Spectrum 15,C$35.00 - C$38.00,7 more colors,4 stars
Wander Beauty,Flash Focus Hydrating Foundation Stick,C$48.00 - C$53.00,6 more colors,4 stars
Giorgio Armani Beauty,Face Fabric Foundation,C$63.00,11 more colors,4 stars
bareMinerals,BLEMISH RESCUE Skin-Clearing Loose Powder Foundation,C$37.00,11 more colors,4.5 stars
CLINIQUE,Beyond Perfecting Powder Foundation + Concealer,C$39.00,13 more colors,3.5 stars
tarte,babassu foundcealer™ skincare foundation,C$51.00,29 more colors,3.5 stars
bareMinerals,BarePRO™ Performance Wear Liquid Foundation Broad Spectrum SPF 20,C$42.00,28 more colors,4 stars
Yves Saint Laurent,TOUCHE ECLAT LE TEINT Radiance Awakening Foundation,C$74.00,20 more colors,3.5 stars
Yves Saint Laurent,All Hours Full Coverage Matte Foundation,C$74.00,24 more colors,4 stars
Yves Saint Laurent,All-In-One Glow Foundations,C$63.00,11 more colors,4.5 stars
Laura Mercier,Tinted Moisturizer - Illuminating,C$56.00,4 more colors,4.5 stars
tarte,BB Tinted Treatment 12-Hour Primer,C$48.00,3 more colors,4 stars
CLINIQUE,Almost Powder,C$38.00,,4.5 stars
lilah b.,Marvelous Matte™ Crème Foundation,C$69.00 - C$71.00,4 more colors,4 stars
IT Cosmetics,Celebration Foundation,C$46.00,6 more colors,3.5 stars
Guerlain,Lingerie de Peau Fluide,C$75.00,13 more colors,4 stars
MAC Cosmetics,Pro Longwear Nourishing Waterproof Foundation,C$43.00,23 more colors,4 stars
Estée Lauder,Perfectionist Youth-Infusing Serum Foundation SPF 25,C$69.00,,4 stars
Natasha Denona,Transformatte Pore Vanishing Matte Foundation,C$60.00,34 more colors,3.5 stars
NARS,Sheer Glow Foundation Pump,C$8.00,,3.5 stars
Hourglass,Illusion Hyaluronic Skin Tint,C$74.00,5 more colors,4 stars
Dior,Dior Forever Skin Glow 24h* Wear Radiant Perfection Skin-Caring Foundation,C$68.00,23 more colors,4.5 stars
Giorgio Armani Beauty,Maestro Fusion Makeup,C$80.00,9 more colors,5 stars
Dior,Dior Forever 24h* Wear High Perfection Skin-Caring Matte Foundation,C$68.00,27 more colors,4 stars
bareMinerals,COMPLEXION RESCUE Hydrating Foundation Stick Broad Spectrum SPF 25,C$40.00,19 more colors,4.5 stars
Natasha Denona,Foundation X+,C$60.00,19 more colors,4 stars
Black Up,Full Coverage Cream Foundation,C$53.00,9 more colors,4 stars
Dr. Jart+,Premium Beauty Balm,C$52.00,,4.5 stars
Yves Saint Laurent,Top Secrets All-In-One BB Cream Skintone Corrector,C$66.00,1 more color,4.5 stars
Smashbox,Photo Filter Powder Foundation,C$55.00,9 more colors,4 stars
Charlotte Tilbury,Magic Foundation,C$50.00 - C$53.00,19 more colors,3.5 stars
MAKE UP FOR EVER,Liquid Lift Foundation,C$53.00 - C$56.00,7 more colors,4 stars
Guerlain,L'Essentiel Natural Glow Foundation,C$75.00,29 more colors,4.5 stars
Benefit Cosmetics,Hello Happy Soft Blur Foundation,C$40.00,11 more colors,4 stars
Dior,Capture Dreamskin Fresh & Perfect Cushion Broad Spectrum,C$99.00,4 more colors,4 stars
TOM FORD,Waterproof Foundation & Concealer,C$115.00,3 more colors,4.5 stars
IT Cosmetics,Celebration Foundation Illumination,C$46.00,2 more colors,4 stars
Estée Lauder,Double Wear Light,C$56.00,9 more colors,4 stars
MILK MAKEUP,Sunshine Skin Tint,C$55.00,7 more colors,3.5 stars
MAKE UP FOR EVER,PREP. COVER. SET. Customizable Ultra HD Invisible Cover Foundation Set,C$69.00,,3.5 stars
Yves Saint Laurent,Le Teint Encre de Peau,C$74.00,9 more colors,4 stars
bareMinerals,Nothing Beats the Original™ 4-Piece Get Started® Kit,C$42.00,7 more colors,3.5 stars
Benefit Cosmetics,Hello Happy Flawless Brightening Foundation,C$40.00,11 more colors,3.5 stars
Yves Saint Laurent,Le Cushion Encre de Peau Collector Edition,C$75.00,,No stars
lilah b.,Flawless Finish Foundation,C$64.00,4 more colors,4 stars
Givenchy,Matissme Velvet Radiant Mat Fluid Foundation,C$71.00 - C$75.00,11 more colors,4 stars
Yves Saint Laurent,Top Secrets All-In-One BB Crème Perfecteur De Teint,C$66.00,,4.5 stars
Lancôme,Teint Idole Ultra Cushion Foundation,C$57.00,7 more colors,1 star
Guerlain,Parure Gold Gold Radiance Foundation,C$99.00,,4.5 stars
SEPHORA COLLECTION,Bright Future Skin Tint,C$23.00,3 more colors,3.5 stars
Antonym,Skin Esteem Organic Liquid Foundation,C$67.00,5 more colors,3.5 stars
bareMinerals,bareSkin® Pure Brightening Serum Foundation Broad Spectrum SPF 20,C$37.00,1 more color,3.5 stars
Perricone MD,No Makeup Foundation Serum,C$84.00,5 more colors,No stars
Marc Jacobs Beauty,Shameless Youthful-Look 24H Foundation,C$59.00,28 more colors,3 stars
LANEIGE,BB Cushion Hydra Radiance SPF 50,C$50.00,4 more colors,4.5 stars
Dr. Jart+,Black Label Detox BB Beauty Balm,C$48.00,,4 stars
MAKE UP FOR EVER,Chromatic Mix – Oil Base,C$18.50,1 more color,4.5 stars
Cinema Secrets,Ultimate Foundation 5-in-1 Pro Palette™,C$48.00,5 more colors,4 stars
Giorgio Armani Beauty,Designer Lift Smoothing Firming Foundation,C$86.00,5 more colors,4.5 stars
Guerlain,Lingerie de Peau Powder Foundation Compact,C$75.00,5 more colors,4 stars
Yves Saint Laurent,Touche Éclat Le Cushion,C$75.00,,3.5 stars
Natasha Denona,Face Glow Foundation,C$54.00 - C$56.00,11 more colors,3.5 stars
Hourglass,Veil Fluid Makeup Oil Free,C$77.00,10 more colors,3.5 stars
Black Up,Matifying Fluid Foundation,C$51.00,6 more colors,4 stars
Urban Decay,Naked Skin Ultra Definition Powder Foundation,C$46.00,6 more colors,4 stars
Givenchy,Photo'Perfexion Fluid Foundation,C$68.00,2 more colors,4.5 stars
MAC Cosmetics,Foundation Pump,C$12.00,,4 stars
Perricone MD,No Makeup Foundation,C$84.00,4 more colors,3 stars
Guerlain,Lingerie de Peau Cushion Foundation,C$65.00,3 more colors,4.5 stars
Pretty Vulgar,Bird's Nest Blurring Beauty Mousse Foundation,C$53.50 - C$54.00,7 more colors,3.5 stars
Lise Watier,Velvet Matte Foundation,C$44.00 - C$45.00,9 more colors,4.5 stars
Lise Watier,Teint Multi-Fini Oil-Free Compact Foundation,C$37.00 - C$43.00,11 more colors,5 stars
KEVYN AUCOIN,The Sensual Skin Powder Foundation,C$67.00,,4.5 stars
Givenchy,Teint Couture Balm Blurring Foundation,C$62.00,7 more colors,4 stars
Lancôme,Bienfait Teinté Beauty Balm Sunscreen Broad Spectrum SPF 30,C$65.00,,4 stars
Lancôme,Bienfait Multi-Vital Teinte SPF 30 Sunscreen,C$58.00,1 more color,5 stars
BURBERRY,Cashmere Compact,C$62.00,,5 stars
Guerlain,Parure Gold Gold Radiance Powder Foundation,C$99.00,,5 stars
Guerlain,Terracotta Skin Foundation Stick,C$60.00,5 more colors,5 stars
BURBERRY,Fresh Glow Fluid Foundation,C$62.00,,4.5 stars
MAKE UP FOR EVER,Chromatic Mix – Water Base,C$18.50,2 more colors,4.5 stars
Perricone MD,No Foundation Foundation Serum,C$74.00,,4.5 stars
BURBERRY,Fresh Glow Compact - Luminous Foundation,C$62.00,,4.5 stars
Givenchy,Fluid Foundation Airy-Light Mat Radiance SPF 20,C$70.00 - C$74.00,3 more colors,4.5 stars
Guerlain,Terracotta Joli Teint Foundation,C$73.00,,4.5 stars
KEVYN AUCOIN,The Sensual Skin Fluid Foundation,C$78.00,,4.5 stars
Lancôme,MIRACLE CUSHION Liquid Cushion Compact Foundation Refill,C$53.00,,4.5 stars
MAC Cosmetics,Hyper Real Foundation,C$38.00,,4 stars
Antonym,Certified Organic Baked Foundation,C$52.00,2 more colors,4 stars
bareMinerals,bareMinerals READY® To Go Complexion Perfection Palette,C$60.00,,4 stars
BURBERRY,Cashmere Foundation Fluid,C$62.00,,4 stars
Yves Saint Laurent,Fusion Ink Foundation SPF18,C$64.00,,4 stars
shu uemura,The Lightbulb Essence Essential-Oil-In Foundation,C$66.00,7 more colors,4 stars
Josie Maran,Argan Tinted Moisturizer,C$46.00,,4 stars
shu uemura,The Lightbulb Fluid Foundation,C$63.00 - C$64.00,11 more colors,4 stars
Dior,Star Fluid Foundation,C$64.00,,4 stars
Marc Jacobs Beauty,Perfection Powder - Featherweight Foundation,C$55.00,2 more colors,4 stars
Givenchy,Teint Couture Everwear 24H Wear & Comfort,C$75.00,19 more colors,3.5 stars
shu uemura,The Lightbulb Cushion,C$68.00,5 more colors,3 stars
Lancôme,Bienfait Multi-Vital Teinte Tinted Moisturizer Beauty Benefit Cream,C$58.00,,No stars
Natasha Denona,Face Glow Foundation,C$56.00,,No stars
Yves Saint Laurent,Le Cushion Encre de Peau Collector Fusion Ink Cushion Foundation,C$75.00,2 more colors,No stars
PAT McGRATH LABS,Skin Fetish: Sublime Perfection Foundation,C$90.00,35 more colors,No stars
Urban Decay,Stay Naked Weightless Foundation,C$53.00,49 more colors,No stars
Smashbox,Studio Skin Full Coverage 24 Hour Foundation,C$48.00,39 more colors,No stars
